First Name,Frequency,Rank,Gender
MATTHEW,2870,2,M
JESSICA,2495,3,F
RYAN,2286,4,M
MICHAEL,2235,5,M
SARAH,2017,6,F
CHRISTOPHER,1971,7,M
NICHOLAS,1884,8,M
JUSTIN,1808,9,M
JOSHUA,1608,10,M
JACOB,1594,11,M
AMANDA,1517,12,F
EMILY,1513,13,F
JOSEPH,1486,14,M
EMMA,1477,15,F
JENNIFER,1455,16,F
ASHLEY,1429,17,F
MELISSA,1379,18,F
ANDREW,1372,19,M
JONATHAN,1335,20,M
SAMUEL,1229,21,M
BRANDON,1182,22,M
ALEXANDER,1181,23,M
DAVID,1096,24,M
JASON,1060,25,M
JULIE,1020,26,F
SAMANTHA,994,27,F
MATHIEU,985,28,M
DANIEL,981,29,M
OLIVIA,965,30,F
NOAH,955,31,M
MARIE,947,32,F
STEPHANIE,941,33,F
MEGAN,905,34,F
MADISON,888,35,F
BENJAMIN,887,36,M
ADAM,856,37,M
KYLE,854,38,M
TYLER,852,39,M
WILLIAM,786,40,M
PATRICK,785,41,M
ZACHARY,771,42,M
JAMES,769,43,M
ETHAN,761,44,M
LIAM,696,45,M
LOGAN,688,46,M
KEVIN,686,47,M
DYLAN,634,48,M
ERIC,615,49,M
JORDAN,607,50,M
AMY,602,51,F
REBECCA,591,52,F
HANNAH,589,53,F
KAYLA,585,54,F
ABIGAIL,570,55,F
BRITTANY,566,56,F
LAURA,563,57,F
NATHAN,527,58,M
VANESSA,512,59,F
OWEN,504,60,M
TAYLOR,468,61,F
MICHELLE,451,62,F
CHRISTINE,444,63,F
ROBERT,438,64,M
AVA,435,65,F
CHLOE,432,66,F
SOPHIE,429,67,F
ALEX,427,68,M
NICOLE,422,69,F
JACK,414,70,M
LUCAS,391,71,M
JEREMY,383,72,M
GRACE,358,73,F
MELANIE,352,74,F
MARC,344,75,M
MÉLANIE,343,76,F
LISA,333,77,F
LILY,323,78,F
CODY,305,79,M
ISABELLE,293,80,F
AUDREY,292,81,F
GABRIELLE,286,82,F
JENNA,284,83,F
ELLA,281,84,F
SOPHIA,278,85,F
LAUREN,261,86,F
MACKENZIE,258,87,F
COURTNEY,254,88,F
KELSEY,253,89,F
AUSTIN,252,90,M
MASON,252,90,M
ALEXANDRE,244,91,M
CHARLOTTE,244,91,F
ERIN,228,92,F
CARTER,215,93,M
DANIELLE,213,94,F
THOMAS,213,94,M
ALYSSA,209,95,F
CALEB,201,96,M
ANGELA,198,97,F
CONNOR,189,98,M
HAILEY,183,99,F
GABRIEL,178,100,M
ISAAC,172,101,M
ISABELLA,167,102,F
XAVIER,166,103,M
KATELYN,164,104,F
MIA,160,105,F
MAXIME,157,106,M
OLIVER,153,107,M
JESSE,151,108,M
MARK,150,109,M
SCOTT,149,110,M
CAMERON,139,111,M
CLAIRE,137,112,F
JEFFREY,136,113,M
JASMINE,125,114,F
ALEXIS,121,115,F
JOHN,120,116,M
CRYSTAL,120,116,F
JAYDEN,120,116,M
BROOKLYN,118,117,F
JACKSON,117,118,M
RACHEL,112,119,F
OLIVIER,111,120,M
ELLIE,106,121,F
JAXON,106,121,M
AMELIA,103,122,F
TANYA,98,123,F
LEAH,92,124,F
HUNTER,90,125,M
TIFFANY,90,125,F
MORGAN,89,126,F
ANNIE,89,126,F
AVERY,87,127,F
CHLOÉ,86,128,F
ADDISON,86,128,F
CINDY,86,128,F
HEATHER,85,129,F
SYLVIE,83,130,F
SADIE,78,131,F
BRIAN,71,132,M
AIDEN,62,133,M
EVELYN,61,134,F
ANNABELLE,61,134,F
LINCOLN,58,135,M
RILEY,56,136,M
BROOKE,56,136,F
EMILIE,52,137,F
MYA,49,138,F
ANNA,48,139,F
BRIANNA,48,139,F
KRISTA,43,140,F
ZOÉ,43,140,F
NATHALIE,41,141,F
JADE,40,142,F
ZOEY,40,142,F
LINDSAY,39,143,F
NATASHA,38,144,F
CHANTAL,35,145,F
EVAN,34,146,M
COLE,33,147,M
MIGUEL,33,147,M
KRISTEN,32,148,F
WYATT,32,148,M
HAYDEN,31,149,M
PAIGE,30,150,F
ALEXANDRA,29,151,F
HENRY,28,152,M
HUDSON,25,153,M
EVERLY,24,154,F
FÉLIX,23,155,M
KAITLYN,23,155,F
ELIZABETH,22,156,F
SCARLETT,21,157,F
WILLOW,19,158,F
MILA,19,158,F
ARIA,19,158,F
PEYTON,18,159,F
VIOLET,17,160,F
ALEXA,17,160,F
